a noun head of hotdog,head-hotdog.png
a noun head of ufo,head-ufo.png
a noun head of goldcoin,head-goldcoin.png
a noun head of weed,head-weed.png
a noun head of bear,head-bear.png
a noun head of cassettetape,head-cassettetape.png
a noun head of wallet,head-wallet.png
a noun head of horse-deepfried,head-horse-deepfried.png
a noun head of chefhat,head-chefhat.png
a noun head of diamond-red,head-diamond-red.png
a noun head of mountain-snowcap,head-mountain-snowcap.png
a noun head of pickle,head-pickle.png
a noun head of volcano,head-volcano.png
a noun head of volleyball,head-volleyball.png
a noun head of lint,head-lint.png
a noun head of goat,head-goat.png
a noun head of stapler,head-stapler.png
a noun head of pillow,head-pillow.png
a noun head of pop,head-pop.png
a noun head of taco-classic,head-taco-classic.png
a noun head of rabbit,head-rabbit.png
a noun head of car,head-car.png
a noun head of bigfoot-yeti,head-bigfoot-yeti.png
a noun head of plane,head-plane.png
a noun head of spaghetti,head-spaghetti.png
a noun head of fax-machine,head-fax-machine.png
a noun head of satellite,head-satellite.png
a noun head of skeleton-hat,head-skeleton-hat.png
a noun head of goldfish,head-goldfish.png
a noun head of dictionary,head-dictionary.png
a noun head of oyster,head-oyster.png
a noun head of fence,head-fence.png
a noun head of piggybank,head-piggybank.png
a noun head of cannedham,head-cannedham.png
a noun head of whale,head-whale.png
a noun head of boot,head-boot.png
a noun head of watch,head-watch.png
a noun head of cash-register,head-cash-register.png
a noun head of hockeypuck,head-hockeypuck.png
a noun head of potato,head-potato.png
a noun head of clover,head-clover.png
a noun head of tornado,head-tornado.png
a noun head of beluga,head-beluga.png
a noun head of doughnut,head-doughnut.png
a noun head of grouper,head-grouper.png
a noun head of chart-bars,head-chart-bars.png
a noun head of macaroni,head-macaroni.png
a noun head of bank,head-bank.png
a noun head of boxingglove,head-boxingglove.png
a noun head of chicken,head-chicken.png
a noun head of cat,head-cat.png
a noun head of croc-hat,head-croc-hat.png
a noun head of firehydrant,head-firehydrant.png
a noun head of mailbox,head-mailbox.png
a noun head of pipe,head-pipe.png
a noun head of piano,head-piano.png
a noun head of film-35mm,head-film-35mm.png
a noun head of calendar,head-calendar.png
a noun head of toiletpaper-full,head-toiletpaper-full.png
a noun head of maze,head-maze.png
a noun head of pill,head-pill.png
a noun head of sandwich,head-sandwich.png
a noun head of undead,head-undead.png
a noun head of trashcan,head-trashcan.png
a noun head of ruler-triangular,head-ruler-triangular.png
a noun head of lightning-bolt,head-lightning-bolt.png
a noun head of wall,head-wall.png
a noun head of wine-barrel,head-wine-barrel.png
a noun head of sponge,head-sponge.png
a noun head of crab,head-crab.png
a noun head of camcorder,head-camcorder.png
a noun head of helicopter,head-helicopter.png
a noun head of shower,head-shower.png
a noun head of onion,head-onion.png
a noun head of panda,head-panda.png
a noun head of box,head-box.png
a noun head of cookie,head-cookie.png
a noun head of frog,head-frog.png
a noun head of boombox,head-boombox.png
a noun head of beanie,head-beanie.png
a noun head of blueberry,head-blueberry.png
a noun head of faberge,head-faberge.png
a noun head of pineapple,head-pineapple.png
a noun head of void,head-void.png
a noun head of lips,head-lips.png
a noun head of earth,head-earth.png
a noun head of bagpipe,head-bagpipe.png
a noun head of index-card,head-index-card.png
a noun head of house,head-house.png
a noun head of pie,head-pie.png
a noun head of gnome,head-gnome.png
a noun head of island,head-island.png
a noun head of bag,head-bag.png
a noun head of jupiter,head-jupiter.png
a noun head of zebra,head-zebra.png
a noun head of bat,head-bat.png
a noun head of squid,head-squid.png
a noun head of cd,head-cd.png
a noun head of outlet,head-outlet.png
a noun head of brain,head-brain.png
a noun head of cotton-candy,head-cotton-candy.png
a noun head of chips,head-chips.png
a noun head of ring,head-ring.png
a noun head of unicorn,head-unicorn.png
a noun head of wave,head-wave.png
a noun head of chain,head-chain.png
a noun head of microwave,head-microwave.png
a noun head of scorpion,head-scorpion.png
a noun head of coffeebean,head-coffeebean.png
a noun head of toaster,head-toaster.png
a noun head of igloo,head-igloo.png
a noun head of shark,head-shark.png
a noun head of crystalball,head-crystalball.png
a noun head of moon,head-moon.png
a noun head of snowglobe,head-snowglobe.png
a noun head of fox,head-fox.png
a noun head of steak,head-steak.png
a noun head of couch,head-couch.png
a noun head of treasurechest,head-treasurechest.png
a noun head of curling-stone,head-curling-stone.png
a noun head of blackhole,head-blackhole.png
a noun head of orangutan,head-orangutan.png
a noun head of egg,head-egg.png
a noun head of tiger,head-tiger.png
a noun head of peanut,head-peanut.png
a noun head of chameleon,head-chameleon.png
a noun head of cheese,head-cheese.png
a noun head of robot,head-robot.png
a noun head of bigfoot,head-bigfoot.png
a noun head of noodles,head-noodles.png
a noun head of diamond-blue,head-diamond-blue.png
a noun head of pirateship,head-pirateship.png
a noun head of cloud,head-cloud.png
a noun head of watermelon,head-watermelon.png
a noun head of pumpkin,head-pumpkin.png
a noun head of wine,head-wine.png
a noun head of tooth,head-tooth.png
a noun head of mirror,head-mirror.png
a noun head of orca,head-orca.png
a noun head of mushroom,head-mushroom.png
a noun head of porkbao,head-porkbao.png
a noun head of glasses-big,head-glasses-big.png
a noun head of burger-dollarmenu,head-burger-dollarmenu.png
a noun head of milk,head-milk.png
a noun head of dino,head-dino.png
a noun head of pencil-tip,head-pencil-tip.png
a noun head of ape,head-ape.png
a noun head of rainbow,head-rainbow.png
a noun head of weight,head-weight.png
a noun head of snowmobile,head-snowmobile.png
a noun head of beer,head-beer.png
a noun head of calculator,head-calculator.png
a noun head of cherry,head-cherry.png
a noun head of highheel,head-highheel.png
a noun head of rock,head-rock.png
a noun head of mouse,head-mouse.png
a noun head of cone,head-cone.png
a noun head of chipboard,head-chipboard.png
a noun head of snowman,head-snowman.png
a noun head of clutch,head-clutch.png
a noun head of fan,head-fan.png
a noun head of dog,head-dog.png
a noun head of hanger,head-hanger.png
a noun head of sailboat,head-sailboat.png
a noun head of gavel,head-gavel.png
a noun head of pufferfish,head-pufferfish.png
a noun head of saw,head-saw.png
a noun head of chilli,head-chilli.png
a noun head of flower,head-flower.png
a noun head of paintbrush,head-paintbrush.png
a noun head of thumbsup,head-thumbsup.png
a noun head of capybara,head-capybara.png
a noun head of heart,head-heart.png
a noun head of abstract,head-abstract.png
a noun head of aardvark,head-aardvark.png
a noun head of mixer,head-mixer.png
a noun head of cordlessphone,head-cordlessphone.png
a noun head of ketchup,head-ketchup.png
a noun head of basketball,head-basketball.png
a noun head of road,head-road.png
a noun head of rgb,head-rgb.png
a noun head of drill,head-drill.png
a noun head of mustard,head-mustard.png
a noun head of pyramid,head-pyramid.png
a noun head of baseball-gameball,head-baseball-gameball.png
a noun head of wallsafe,head-wallsafe.png
a noun head of laptop,head-laptop.png
a noun head of dna,head-dna.png
a noun head of crt-bsod,head-crt-bsod.png
a noun head of jellyfish,head-jellyfish.png
a noun head of raven,head-raven.png
a noun head of beet,head-beet.png
a noun head of lipstick2,head-lipstick2.png
a noun head of console-handheld,head-console-handheld.png
a noun head of icepop-b,head-icepop-b.png
a noun head of factory-dark,head-factory-dark.png
a noun head of garlic,head-garlic.png
a noun head of nigiri,head-nigiri.png
a noun head of mosquito,head-mosquito.png
a noun head of star-sparkles,head-star-sparkles.png
a noun head of peyote,head-peyote.png
a noun head of skateboard,head-skateboard.png
a noun head of crown,head-crown.png
a noun head of kangaroo,head-kangaroo.png
a noun head of lock,head-lock.png
a noun head of ghost-B,head-ghost-B.png
a noun head of vent,head-vent.png
a noun head of rangefinder,head-rangefinder.png
a noun head of hardhat,head-hardhat.png
a noun head of otter,head-otter.png
a noun head of film-strip,head-film-strip.png
a noun head of backpack,head-backpack.png
a noun head of flamingo,head-flamingo.png
a noun head of skilift,head-skilift.png
a noun head of bubblegum,head-bubblegum.png
a noun head of banana,head-banana.png
a noun head of toothbrush-fresh,head-toothbrush-fresh.png
a noun head of owl,head-owl.png
a noun head of bubble-speech,head-bubble-speech.png
a noun head of chainsaw,head-chainsaw.png
a noun head of retainer,head-retainer.png
a noun head of wizardhat,head-wizardhat.png
a noun head of whale-alive,head-whale-alive.png
a noun head of ducky,head-ducky.png
a noun head of cottonball,head-cottonball.png
a noun head of mug,head-mug.png
a noun head of vending-machine,head-vending-machine.png
a noun head of smile,head-smile.png
a noun head of saguaro,head-saguaro.png
a noun head of bonsai,head-bonsai.png
a noun head of cake,head-cake.png
a noun head of pizza,head-pizza.png
a noun head of werewolf,head-werewolf.png
a noun head of queencrown,head-queencrown.png
a noun head of bomb,head-bomb.png
a noun head of crane,head-crane.png
a noun head of taxi,head-taxi.png
a noun head of hair,head-hair.png
a noun head of bell,head-bell.png
a noun head of paperclip,head-paperclip.png
a noun head of sunset,head-sunset.png
a noun head of chocolate,head-chocolate.png
a noun head of washingmachine,head-washingmachine.png
a noun head of fir,head-fir.png
a noun head of rosebud,head-rosebud.png
a noun head of duck,head-duck.png
a noun head of moose,head-moose.png
a noun head of cow,head-cow.png
a noun head of saturn,head-saturn.png
a noun head of turing,head-turing.png