caption,image_file
A TOK 2d pixel illustration of aardvark,aardvark.png
A TOK 2d pixel illustration of abstract,abstract.png
A TOK 2d pixel illustration of ape,ape.png
A TOK 2d pixel illustration of bag,bag.png
A TOK 2d pixel illustration of bagpipe,bagpipe.png
A TOK 2d pixel illustration of banana,banana.png
A TOK 2d pixel illustration of bank,bank.png
A TOK 2d pixel illustration of baseball-gameball,baseball-gameball.png
A TOK 2d pixel illustration of basketball,basketball.png
A TOK 2d pixel illustration of bat,bat.png
A TOK 2d pixel illustration of bear,bear.png
A TOK 2d pixel illustration of beer,beer.png
A TOK 2d pixel illustration of beet,beet.png
A TOK 2d pixel illustration of bell,bell.png
A TOK 2d pixel illustration of bigfoot,bigfoot.png
A TOK 2d pixel illustration of bigfoot-yeti,bigfoot-yeti.png
A TOK 2d pixel illustration of blackhole,blackhole.png
A TOK 2d pixel illustration of blueberry,blueberry.png
A TOK 2d pixel illustration of bomb,bomb.png
A TOK 2d pixel illustration of bonsai,bonsai.png
A TOK 2d pixel illustration of boombox,boombox.png
A TOK 2d pixel illustration of boot,boot.png
A TOK 2d pixel illustration of box,box.png
A TOK 2d pixel illustration of boxingglove,boxingglove.png
A TOK 2d pixel illustration of brain,brain.png
A TOK 2d pixel illustration of bubble-speech,bubble-speech.png
A TOK 2d pixel illustration of bubblegum,bubblegum.png
A TOK 2d pixel illustration of burger-dollarmenu,burger-dollarmenu.png
A TOK 2d pixel illustration of cake,cake.png
A TOK 2d pixel illustration of calculator,calculator.png
A TOK 2d pixel illustration of calendar,calendar.png
A TOK 2d pixel illustration of camcorder,camcorder.png
A TOK 2d pixel illustration of cannedham,cannedham.png
A TOK 2d pixel illustration of capybara,capybara.png
A TOK 2d pixel illustration of car,car.png
A TOK 2d pixel illustration of cash-register,cash-register.png
A TOK 2d pixel illustration of cassettetape,cassettetape.png
A TOK 2d pixel illustration of cat,cat.png
A TOK 2d pixel illustration of cd,cd.png
A TOK 2d pixel illustration of chain,chain.png
A TOK 2d pixel illustration of chainsaw,chainsaw.png
A TOK 2d pixel illustration of chameleon,chameleon.png
A TOK 2d pixel illustration of chart-bars,chart-bars.png
A TOK 2d pixel illustration of cheese,cheese.png
A TOK 2d pixel illustration of chefhat,chefhat.png
A TOK 2d pixel illustration of cherry,cherry.png
A TOK 2d pixel illustration of chicken,chicken.png
A TOK 2d pixel illustration of chilli,chilli.png
A TOK 2d pixel illustration of chipboard,chipboard.png
A TOK 2d pixel illustration of chips,chips.png
A TOK 2d pixel illustration of chocolate,chocolate.png
A TOK 2d pixel illustration of cloud,cloud.png
A TOK 2d pixel illustration of clover,clover.png
A TOK 2d pixel illustration of clutch,clutch.png
A TOK 2d pixel illustration of coffeebean,coffeebean.png
A TOK 2d pixel illustration of cone,cone.png
A TOK 2d pixel illustration of console-handheld,console-handheld.png
A TOK 2d pixel illustration of cookie,cookie.png
A TOK 2d pixel illustration of cordlessphone,cordlessphone.png
A TOK 2d pixel illustration of cottonball,cottonball.png
A TOK 2d pixel illustration of couch,couch.png
A TOK 2d pixel illustration of cow,cow.png
A TOK 2d pixel illustration of crab,crab.png
A TOK 2d pixel illustration of crane,crane.png
A TOK 2d pixel illustration of croc-hat,croc-hat.png
A TOK 2d pixel illustration of crown,crown.png
A TOK 2d pixel illustration of crt-bsod,crt-bsod.png
A TOK 2d pixel illustration of crystalball,crystalball.png
A TOK 2d pixel illustration of diamond-blue,diamond-blue.png
A TOK 2d pixel illustration of diamond-red,diamond-red.png
A TOK 2d pixel illustration of dictionary,dictionary.png
A TOK 2d pixel illustration of dino,dino.png
A TOK 2d pixel illustration of dna,dna.png
A TOK 2d pixel illustration of dog,dog.png
A TOK 2d pixel illustration of doughnut,doughnut.png
A TOK 2d pixel illustration of drill,drill.png
A TOK 2d pixel illustration of duck,duck.png
A TOK 2d pixel illustration of ducky,ducky.png
A TOK 2d pixel illustration of earth,earth.png
A TOK 2d pixel illustration of egg,egg.png
A TOK 2d pixel illustration of faberge,faberge.png
A TOK 2d pixel illustration of factory-dark,factory-dark.png
A TOK 2d pixel illustration of fan,fan.png
A TOK 2d pixel illustration of fence,fence.png
A TOK 2d pixel illustration of film-35mm,film-35mm.png
A TOK 2d pixel illustration of film-strip,film-strip.png
A TOK 2d pixel illustration of fir,fir.png
A TOK 2d pixel illustration of firehydrant,firehydrant.png
A TOK 2d pixel illustration of flamingo,flamingo.png
A TOK 2d pixel illustration of flower,flower.png
A TOK 2d pixel illustration of fox,fox.png
A TOK 2d pixel illustration of frog,frog.png
A TOK 2d pixel illustration of garlic,garlic.png
A TOK 2d pixel illustration of gavel,gavel.png
A TOK 2d pixel illustration of ghost-B,ghost-B.png
A TOK 2d pixel illustration of glasses-big,glasses-big.png
A TOK 2d pixel illustration of gnome,gnome.png
A TOK 2d pixel illustration of goat,goat.png
A TOK 2d pixel illustration of goldcoin,goldcoin.png
A TOK 2d pixel illustration of goldfish,goldfish.png
A TOK 2d pixel illustration of grouper,grouper.png
A TOK 2d pixel illustration of hair,hair.png
A TOK 2d pixel illustration of hanger,hanger.png
A TOK 2d pixel illustration of hardhat,hardhat.png
A TOK 2d pixel illustration of heart,heart.png
A TOK 2d pixel illustration of helicopter,helicopter.png
A TOK 2d pixel illustration of highheel,highheel.png
A TOK 2d pixel illustration of hockeypuck,hockeypuck.png
A TOK 2d pixel illustration of horse-deepfried,horse-deepfried.png
A TOK 2d pixel illustration of hotdog,hotdog.png
A TOK 2d pixel illustration of house,house.png
A TOK 2d pixel illustration of icepop-b,icepop-b.png
A TOK 2d pixel illustration of igloo,igloo.png
A TOK 2d pixel illustration of index-card,index-card.png
A TOK 2d pixel illustration of island,island.png
A TOK 2d pixel illustration of jellyfish,jellyfish.png
A TOK 2d pixel illustration of jupiter,jupiter.png
A TOK 2d pixel illustration of kangaroo,kangaroo.png
A TOK 2d pixel illustration of ketchup,ketchup.png
A TOK 2d pixel illustration of laptop,laptop.png
A TOK 2d pixel illustration of lightning-bolt,lightning-bolt.png
A TOK 2d pixel illustration of lint,lint.png
A TOK 2d pixel illustration of lips,lips.png
A TOK 2d pixel illustration of lipstick2,lipstick2.png
A TOK 2d pixel illustration of lock,lock.png
A TOK 2d pixel illustration of macaroni,macaroni.png
A TOK 2d pixel illustration of mailbox,mailbox.png
A TOK 2d pixel illustration of maze,maze.png
A TOK 2d pixel illustration of microwave,microwave.png
A TOK 2d pixel illustration of milk,milk.png
A TOK 2d pixel illustration of mirror,mirror.png
A TOK 2d pixel illustration of mixer,mixer.png
A TOK 2d pixel illustration of moon,moon.png
A TOK 2d pixel illustration of moose,moose.png
A TOK 2d pixel illustration of mosquito,mosquito.png
A TOK 2d pixel illustration of mountain-snowcap,mountain-snowcap.png
A TOK 2d pixel illustration of mouse,mouse.png
A TOK 2d pixel illustration of mug,mug.png
A TOK 2d pixel illustration of mushroom,mushroom.png
A TOK 2d pixel illustration of mustard,mustard.png
A TOK 2d pixel illustration of nigiri,nigiri.png
A TOK 2d pixel illustration of noodles,noodles.png
A TOK 2d pixel illustration of onion,onion.png
A TOK 2d pixel illustration of orangutan,orangutan.png
A TOK 2d pixel illustration of orca,orca.png
A TOK 2d pixel illustration of otter,otter.png
A TOK 2d pixel illustration of outlet,outlet.png
A TOK 2d pixel illustration of owl,owl.png
A TOK 2d pixel illustration of oyster,oyster.png
A TOK 2d pixel illustration of paintbrush,paintbrush.png
A TOK 2d pixel illustration of panda,panda.png
A TOK 2d pixel illustration of paperclip,paperclip.png
A TOK 2d pixel illustration of peanut,peanut.png
A TOK 2d pixel illustration of pencil-tip,pencil-tip.png
A TOK 2d pixel illustration of peyote,peyote.png
A TOK 2d pixel illustration of piano,piano.png
A TOK 2d pixel illustration of pickle,pickle.png
A TOK 2d pixel illustration of pie,pie.png
A TOK 2d pixel illustration of piggybank,piggybank.png
A TOK 2d pixel illustration of pill,pill.png
A TOK 2d pixel illustration of pillow,pillow.png
A TOK 2d pixel illustration of pineapple,pineapple.png
A TOK 2d pixel illustration of pipe,pipe.png
A TOK 2d pixel illustration of pirateship,pirateship.png
A TOK 2d pixel illustration of pizza,pizza.png
A TOK 2d pixel illustration of plane,plane.png
A TOK 2d pixel illustration of pop,pop.png
A TOK 2d pixel illustration of porkbao,porkbao.png
A TOK 2d pixel illustration of potato,potato.png
A TOK 2d pixel illustration of pufferfish,pufferfish.png
A TOK 2d pixel illustration of pumpkin,pumpkin.png
A TOK 2d pixel illustration of pyramid,pyramid.png
A TOK 2d pixel illustration of queencrown,queencrown.png
A TOK 2d pixel illustration of rabbit,rabbit.png
A TOK 2d pixel illustration of rainbow,rainbow.png
A TOK 2d pixel illustration of rangefinder,rangefinder.png
A TOK 2d pixel illustration of raven,raven.png
A TOK 2d pixel illustration of retainer,retainer.png
A TOK 2d pixel illustration of rgb,rgb.png
A TOK 2d pixel illustration of ring,ring.png
A TOK 2d pixel illustration of road,road.png
A TOK 2d pixel illustration of robot,robot.png
A TOK 2d pixel illustration of rock,rock.png
A TOK 2d pixel illustration of rosebud,rosebud.png
A TOK 2d pixel illustration of ruler-triangular,ruler-triangular.png
A TOK 2d pixel illustration of saguaro,saguaro.png
A TOK 2d pixel illustration of sailboat,sailboat.png
A TOK 2d pixel illustration of sandwich,sandwich.png
A TOK 2d pixel illustration of saturn,saturn.png
A TOK 2d pixel illustration of saw,saw.png
A TOK 2d pixel illustration of scorpion,scorpion.png
A TOK 2d pixel illustration of shark,shark.png
A TOK 2d pixel illustration of shower,shower.png
A TOK 2d pixel illustration of skateboard,skateboard.png
A TOK 2d pixel illustration of skeleton-hat,skeleton-hat.png
A TOK 2d pixel illustration of skilift,skilift.png
A TOK 2d pixel illustration of smile,smile.png
A TOK 2d pixel illustration of snowglobe,snowglobe.png
A TOK 2d pixel illustration of snowman,snowman.png
A TOK 2d pixel illustration of snowmobile,snowmobile.png
A TOK 2d pixel illustration of spaghetti,spaghetti.png
A TOK 2d pixel illustration of sponge,sponge.png
A TOK 2d pixel illustration of squid,squid.png
A TOK 2d pixel illustration of stapler,stapler.png
A TOK 2d pixel illustration of star-sparkles,star-sparkles.png
A TOK 2d pixel illustration of steak,steak.png
A TOK 2d pixel illustration of sunset,sunset.png
A TOK 2d pixel illustration of taco-classic,taco-classic.png
A TOK 2d pixel illustration of taxi,taxi.png
A TOK 2d pixel illustration of thumbsup,thumbsup.png
A TOK 2d pixel illustration of toaster,toaster.png
A TOK 2d pixel illustration of toiletpaper-full,toiletpaper-full.png
A TOK 2d pixel illustration of tooth,tooth.png
A TOK 2d pixel illustration of toothbrush-fresh,toothbrush-fresh.png
A TOK 2d pixel illustration of tornado,tornado.png
A TOK 2d pixel illustration of trashcan,trashcan.png
A TOK 2d pixel illustration of treasurechest,treasurechest.png
A TOK 2d pixel illustration of turing,turing.png
A TOK 2d pixel illustration of ufo,ufo.png
A TOK 2d pixel illustration of undead,undead.png
A TOK 2d pixel illustration of unicorn,unicorn.png
A TOK 2d pixel illustration of vending-machine,vending-machine.png
A TOK 2d pixel illustration of vent,vent.png
A TOK 2d pixel illustration of void,void.png
A TOK 2d pixel illustration of volcano,volcano.png
A TOK 2d pixel illustration of volleyball,volleyball.png
A TOK 2d pixel illustration of wall,wall.png
A TOK 2d pixel illustration of wallet,wallet.png
A TOK 2d pixel illustration of wallsafe,wallsafe.png
A TOK 2d pixel illustration of washingmachine,washingmachine.png
A TOK 2d pixel illustration of watch,watch.png
A TOK 2d pixel illustration of watermelon,watermelon.png
A TOK 2d pixel illustration of wave,wave.png
A TOK 2d pixel illustration of weed,weed.png
A TOK 2d pixel illustration of weight,weight.png
A TOK 2d pixel illustration of werewolf,werewolf.png
A TOK 2d pixel illustration of whale,whale.png
A TOK 2d pixel illustration of whale-alive,whale-alive.png
A TOK 2d pixel illustration of wine,wine.png
A TOK 2d pixel illustration of wine-barrel,wine-barrel.png
A TOK 2d pixel illustration of wizardhat,wizardhat.png
A TOK 2d pixel illustration of zebra,zebra.png