caption,image_file
A TOK 2d pixel illustration of aardvark,nounhead (1).png
A TOK 2d pixel illustration of abstract,nounhead (2).png
A TOK 2d pixel illustration of ape,nounhead (3).png
A TOK 2d pixel illustration of bag,nounhead (4).png
A TOK 2d pixel illustration of bagpipe,nounhead (5).png
A TOK 2d pixel illustration of banana,nounhead (6).png
A TOK 2d pixel illustration of bank,nounhead (7).png
A TOK 2d pixel illustration of baseball-gameball,nounhead (8).png
A TOK 2d pixel illustration of basketball,nounhead (9).png
A TOK 2d pixel illustration of bat,nounhead (10).png
A TOK 2d pixel illustration of bear,nounhead (11).png
A TOK 2d pixel illustration of beer,nounhead (12).png
A TOK 2d pixel illustration of beet,nounhead (13).png
A TOK 2d pixel illustration of bell,nounhead (14).png
A TOK 2d pixel illustration of bigfoot,nounhead (15).png
A TOK 2d pixel illustration of bigfoot-yeti,nounhead (16).png
A TOK 2d pixel illustration of blackhole,nounhead (17).png
A TOK 2d pixel illustration of blueberry,nounhead (18).png
A TOK 2d pixel illustration of bomb,nounhead (19).png
A TOK 2d pixel illustration of bonsai,nounhead (20).png
A TOK 2d pixel illustration of boombox,nounhead (21).png
A TOK 2d pixel illustration of boot,nounhead (22).png
A TOK 2d pixel illustration of box,nounhead (23).png
A TOK 2d pixel illustration of boxingglove,nounhead (24).png
A TOK 2d pixel illustration of brain,nounhead (25).png
A TOK 2d pixel illustration of bubble-speech,nounhead (26).png
A TOK 2d pixel illustration of bubblegum,nounhead (27).png
A TOK 2d pixel illustration of burger-dollarmenu,nounhead (28).png
A TOK 2d pixel illustration of cake,nounhead (29).png
A TOK 2d pixel illustration of calculator,nounhead (30).png
A TOK 2d pixel illustration of calendar,nounhead (31).png
A TOK 2d pixel illustration of camcorder,nounhead (32).png
A TOK 2d pixel illustration of cannedham,nounhead (33).png
A TOK 2d pixel illustration of capybara,nounhead (34).png
A TOK 2d pixel illustration of car,nounhead (35).png
A TOK 2d pixel illustration of cash-register,nounhead (36).png
A TOK 2d pixel illustration of cassettetape,nounhead (37).png
A TOK 2d pixel illustration of cat,nounhead (38).png
A TOK 2d pixel illustration of cd,nounhead (39).png
A TOK 2d pixel illustration of chain,nounhead (40).png
A TOK 2d pixel illustration of chainsaw,nounhead (41).png
A TOK 2d pixel illustration of chameleon,nounhead (42).png
A TOK 2d pixel illustration of chart-bars,nounhead (43).png
A TOK 2d pixel illustration of cheese,nounhead (44).png
A TOK 2d pixel illustration of chefhat,nounhead (45).png
A TOK 2d pixel illustration of cherry,nounhead (46).png
A TOK 2d pixel illustration of chicken,nounhead (47).png
A TOK 2d pixel illustration of chilli,nounhead (48).png
A TOK 2d pixel illustration of chipboard,nounhead (49).png
A TOK 2d pixel illustration of chips,nounhead (50).png
A TOK 2d pixel illustration of chocolate,nounhead (51).png
A TOK 2d pixel illustration of cloud,nounhead (52).png
A TOK 2d pixel illustration of clover,nounhead (53).png
A TOK 2d pixel illustration of clutch,nounhead (54).png
A TOK 2d pixel illustration of coffeebean,nounhead (55).png
A TOK 2d pixel illustration of cone,nounhead (56).png
A TOK 2d pixel illustration of console-handheld,nounhead (57).png
A TOK 2d pixel illustration of cookie,nounhead (58).png
A TOK 2d pixel illustration of cordlessphone,nounhead (59).png
A TOK 2d pixel illustration of cottonball,nounhead (60).png
A TOK 2d pixel illustration of couch,nounhead (61).png
A TOK 2d pixel illustration of cow,nounhead (62).png
A TOK 2d pixel illustration of crab,nounhead (63).png
A TOK 2d pixel illustration of crane,nounhead (64).png
A TOK 2d pixel illustration of croc-hat,nounhead (65).png
A TOK 2d pixel illustration of crown,nounhead (66).png
A TOK 2d pixel illustration of crt-bsod,nounhead (67).png
A TOK 2d pixel illustration of crystalball,nounhead (68).png
A TOK 2d pixel illustration of diamond-blue,nounhead (69).png
A TOK 2d pixel illustration of diamond-red,nounhead (70).png
A TOK 2d pixel illustration of dictionary,nounhead (71).png
A TOK 2d pixel illustration of dino,nounhead (72).png
A TOK 2d pixel illustration of dna,nounhead (73).png
A TOK 2d pixel illustration of dog,nounhead (74).png
A TOK 2d pixel illustration of doughnut,nounhead (75).png
A TOK 2d pixel illustration of drill,nounhead (76).png
A TOK 2d pixel illustration of duck,nounhead (77).png
A TOK 2d pixel illustration of ducky,nounhead (78).png
A TOK 2d pixel illustration of earth,nounhead (79).png
A TOK 2d pixel illustration of egg,nounhead (80).png
A TOK 2d pixel illustration of faberge,nounhead (81).png
A TOK 2d pixel illustration of factory-dark,nounhead (82).png
A TOK 2d pixel illustration of fan,nounhead (83).png
A TOK 2d pixel illustration of fence,nounhead (84).png
A TOK 2d pixel illustration of film-35mm,nounhead (85).png
A TOK 2d pixel illustration of film-strip,nounhead (86).png
A TOK 2d pixel illustration of fir,nounhead (87).png
A TOK 2d pixel illustration of firehydrant,nounhead (88).png
A TOK 2d pixel illustration of flamingo,nounhead (89).png
A TOK 2d pixel illustration of flower,nounhead (90).png
A TOK 2d pixel illustration of fox,nounhead (91).png
A TOK 2d pixel illustration of frog,nounhead (92).png
A TOK 2d pixel illustration of garlic,nounhead (93).png
A TOK 2d pixel illustration of gavel,nounhead (94).png
A TOK 2d pixel illustration of ghost-B,nounhead (95).png
A TOK 2d pixel illustration of glasses-big,nounhead (96).png
A TOK 2d pixel illustration of gnome,nounhead (97).png
A TOK 2d pixel illustration of goat,nounhead (98).png
A TOK 2d pixel illustration of goldcoin,nounhead (99).png
A TOK 2d pixel illustration of goldfish,nounhead (100).png
A TOK 2d pixel illustration of grouper,nounhead (101).png
A TOK 2d pixel illustration of hair,nounhead (102).png
A TOK 2d pixel illustration of hanger,nounhead (103).png
A TOK 2d pixel illustration of hardhat,nounhead (104).png
A TOK 2d pixel illustration of heart,nounhead (105).png
A TOK 2d pixel illustration of helicopter,nounhead (106).png
A TOK 2d pixel illustration of highheel,nounhead (107).png
A TOK 2d pixel illustration of hockeypuck,nounhead (108).png
A TOK 2d pixel illustration of horse-deepfried,nounhead (109).png
A TOK 2d pixel illustration of hotdog,nounhead (110).png
A TOK 2d pixel illustration of house,nounhead (111).png
A TOK 2d pixel illustration of icepop-b,nounhead (112).png
A TOK 2d pixel illustration of igloo,nounhead (113).png
A TOK 2d pixel illustration of index-card,nounhead (114).png
A TOK 2d pixel illustration of island,nounhead (115).png
A TOK 2d pixel illustration of jellyfish,nounhead (116).png
A TOK 2d pixel illustration of jupiter,nounhead (117).png
A TOK 2d pixel illustration of kangaroo,nounhead (118).png
A TOK 2d pixel illustration of ketchup,nounhead (119).png
A TOK 2d pixel illustration of laptop,nounhead (120).png
A TOK 2d pixel illustration of lightning-bolt,nounhead (121).png
A TOK 2d pixel illustration of lint,nounhead (122).png
A TOK 2d pixel illustration of lips,nounhead (123).png
A TOK 2d pixel illustration of lipstick2,nounhead (124).png
A TOK 2d pixel illustration of lock,nounhead (125).png
A TOK 2d pixel illustration of macaroni,nounhead (126).png
A TOK 2d pixel illustration of mailbox,nounhead (127).png
A TOK 2d pixel illustration of maze,nounhead (128).png
A TOK 2d pixel illustration of microwave,nounhead (129).png
A TOK 2d pixel illustration of milk,nounhead (130).png
A TOK 2d pixel illustration of mirror,nounhead (131).png
A TOK 2d pixel illustration of mixer,nounhead (132).png
A TOK 2d pixel illustration of moon,nounhead (133).png
A TOK 2d pixel illustration of moose,nounhead (134).png
A TOK 2d pixel illustration of mosquito,nounhead (135).png
A TOK 2d pixel illustration of mountain-snowcap,nounhead (136).png
A TOK 2d pixel illustration of mouse,nounhead (137).png
A TOK 2d pixel illustration of mug,nounhead (138).png
A TOK 2d pixel illustration of mushroom,nounhead (139).png
A TOK 2d pixel illustration of mustard,nounhead (140).png
A TOK 2d pixel illustration of nigiri,nounhead (141).png
A TOK 2d pixel illustration of noodles,nounhead (142).png
A TOK 2d pixel illustration of onion,nounhead (143).png
A TOK 2d pixel illustration of orangutan,nounhead (144).png
A TOK 2d pixel illustration of orca,nounhead (145).png
A TOK 2d pixel illustration of otter,nounhead (146).png
A TOK 2d pixel illustration of outlet,nounhead (147).png
A TOK 2d pixel illustration of owl,nounhead (148).png
A TOK 2d pixel illustration of oyster,nounhead (149).png
A TOK 2d pixel illustration of paintbrush,nounhead (150).png
A TOK 2d pixel illustration of panda,nounhead (151).png
A TOK 2d pixel illustration of paperclip,nounhead (152).png
A TOK 2d pixel illustration of peanut,nounhead (153).png
A TOK 2d pixel illustration of pencil-tip,nounhead (154).png
A TOK 2d pixel illustration of peyote,nounhead (155).png
A TOK 2d pixel illustration of piano,nounhead (156).png
A TOK 2d pixel illustration of pickle,nounhead (157).png
A TOK 2d pixel illustration of pie,nounhead (158).png
A TOK 2d pixel illustration of piggybank,nounhead (159).png
A TOK 2d pixel illustration of pill,nounhead (160).png
A TOK 2d pixel illustration of pillow,nounhead (161).png
A TOK 2d pixel illustration of pineapple,nounhead (162).png
A TOK 2d pixel illustration of pipe,nounhead (163).png
A TOK 2d pixel illustration of pirateship,nounhead (164).png
A TOK 2d pixel illustration of pizza,nounhead (165).png
A TOK 2d pixel illustration of plane,nounhead (166).png
A TOK 2d pixel illustration of pop,nounhead (167).png
A TOK 2d pixel illustration of porkbao,nounhead (168).png
A TOK 2d pixel illustration of potato,nounhead (169).png
A TOK 2d pixel illustration of pufferfish,nounhead (170).png
A TOK 2d pixel illustration of pumpkin,nounhead (171).png
A TOK 2d pixel illustration of pyramid,nounhead (172).png
A TOK 2d pixel illustration of queencrown,nounhead (173).png
A TOK 2d pixel illustration of rabbit,nounhead (174).png
A TOK 2d pixel illustration of rainbow,nounhead (175).png
A TOK 2d pixel illustration of rangefinder,nounhead (176).png
A TOK 2d pixel illustration of raven,nounhead (177).png
A TOK 2d pixel illustration of retainer,nounhead (178).png
A TOK 2d pixel illustration of rgb,nounhead (179).png
A TOK 2d pixel illustration of ring,nounhead (180).png
A TOK 2d pixel illustration of road,nounhead (181).png
A TOK 2d pixel illustration of robot,nounhead (182).png
A TOK 2d pixel illustration of rock,nounhead (183).png
A TOK 2d pixel illustration of rosebud,nounhead (184).png
A TOK 2d pixel illustration of ruler-triangular,nounhead (185).png
A TOK 2d pixel illustration of saguaro,nounhead (186).png
A TOK 2d pixel illustration of sailboat,nounhead (187).png
A TOK 2d pixel illustration of sandwich,nounhead (188).png
A TOK 2d pixel illustration of saturn,nounhead (189).png
A TOK 2d pixel illustration of saw,nounhead (190).png
A TOK 2d pixel illustration of scorpion,nounhead (191).png
A TOK 2d pixel illustration of shark,nounhead (192).png
A TOK 2d pixel illustration of shower,nounhead (193).png
A TOK 2d pixel illustration of skateboard,nounhead (194).png
A TOK 2d pixel illustration of skeleton-hat,nounhead (195).png
A TOK 2d pixel illustration of skilift,nounhead (196).png
A TOK 2d pixel illustration of smile,nounhead (197).png
A TOK 2d pixel illustration of snowglobe,nounhead (198).png
A TOK 2d pixel illustration of snowman,nounhead (199).png
A TOK 2d pixel illustration of snowmobile,nounhead (200).png
A TOK 2d pixel illustration of spaghetti,nounhead (201).png
A TOK 2d pixel illustration of sponge,nounhead (202).png
A TOK 2d pixel illustration of squid,nounhead (203).png
A TOK 2d pixel illustration of stapler,nounhead (204).png
A TOK 2d pixel illustration of star-sparkles,nounhead (205).png
A TOK 2d pixel illustration of steak,nounhead (206).png
A TOK 2d pixel illustration of sunset,nounhead (207).png
A TOK 2d pixel illustration of taco-classic,nounhead (208).png
A TOK 2d pixel illustration of taxi,nounhead (209).png
A TOK 2d pixel illustration of thumbsup,nounhead (210).png
A TOK 2d pixel illustration of toaster,nounhead (211).png
A TOK 2d pixel illustration of toiletpaper-full,nounhead (212).png
A TOK 2d pixel illustration of tooth,nounhead (213).png
A TOK 2d pixel illustration of toothbrush-fresh,nounhead (214).png
A TOK 2d pixel illustration of tornado,nounhead (215).png
A TOK 2d pixel illustration of trashcan,nounhead (216).png
A TOK 2d pixel illustration of treasurechest,nounhead (217).png
A TOK 2d pixel illustration of turing,nounhead (218).png
A TOK 2d pixel illustration of ufo,nounhead (219).png
A TOK 2d pixel illustration of undead,nounhead (220).png
A TOK 2d pixel illustration of unicorn,nounhead (221).png
A TOK 2d pixel illustration of vending-machine,nounhead (222).png
A TOK 2d pixel illustration of vent,nounhead (223).png
A TOK 2d pixel illustration of void,nounhead (224).png
A TOK 2d pixel illustration of volcano,nounhead (225).png
A TOK 2d pixel illustration of volleyball,nounhead (226).png
A TOK 2d pixel illustration of wall,nounhead (227).png
A TOK 2d pixel illustration of wallet,nounhead (228).png
A TOK 2d pixel illustration of wallsafe,nounhead (229).png
A TOK 2d pixel illustration of washingmachine,nounhead (230).png
A TOK 2d pixel illustration of watch,nounhead (231).png
A TOK 2d pixel illustration of watermelon,nounhead (232).png
A TOK 2d pixel illustration of wave,nounhead (233).png
A TOK 2d pixel illustration of weed,nounhead (234).png
A TOK 2d pixel illustration of weight,nounhead (235).png
A TOK 2d pixel illustration of werewolf,nounhead (236).png
A TOK 2d pixel illustration of whale,nounhead (237).png
A TOK 2d pixel illustration of whale-alive,nounhead (238).png
A TOK 2d pixel illustration of wine,nounhead (239).png
A TOK 2d pixel illustration of wine-barrel,nounhead (240).png
A TOK 2d pixel illustration of wizardhat,nounhead (241).png
A TOK 2d pixel illustration of zebra,nounhead (242).png